complaint_month,n,any_relief_rate,monetary_relief_rate,non_monetary_relief_rate,timely_rate,mean_words,template_phrase_rate
2015-03,19,0.15789473684210525,0.0,0.15789473684210525,0.8947368421052632,100.42105263157895,0.0
2015-04,33,0.2727272727272727,0.06060606060606061,0.21212121212121213,0.9375,172.3939393939394,0.030303030303030304
2015-05,37,0.1891891891891892,0.05405405405405406,0.13513513513513514,0.8918918918918919,157.72972972972974,0.02702702702702703
2015-06,35,0.11428571428571428,0.0,0.11428571428571428,0.9142857142857143,172.71428571428572,0.08571428571428572
2015-07,29,0.20689655172413793,0.034482758620689655,0.1724137931034483,0.7931034482758621,175.44827586206895,0.034482758620689655
2015-08,36,0.19444444444444445,0.0,0.19444444444444445,0.8571428571428571,170.33333333333334,0.0
2015-09,27,0.07407407407407407,0.0,0.07407407407407407,0.9259259259259259,144.1851851851852,0.037037037037037035
2015-10,22,0.13636363636363635,0.0,0.13636363636363635,1.0,131.0909090909091,0.0
2015-11,17,0.17647058823529413,0.0,0.17647058823529413,0.9411764705882353,136.41176470588235,0.0
2015-12,32,0.21875,0.03125,0.1875,0.9354838709677419,154.3125,0.0625
2016-01,37,0.1891891891891892,0.0,0.1891891891891892,0.918918918918919,142.51351351351352,0.02702702702702703
2016-02,37,0.13513513513513514,0.0,0.13513513513513514,1.0,123.43243243243244,0.0
2016-03,51,0.17647058823529413,0.0,0.17647058823529413,0.8979591836734694,147.72549019607843,0.0196078431372549
2016-04,31,0.1935483870967742,0.03225806451612903,0.16129032258064516,0.8709677419354839,158.58064516129033,0.0
2016-05,37,0.2702702702702703,0.0,0.2702702702702703,0.918918918918919,145.59459459459458,0.0
2016-06,39,0.10256410256410256,0.0,0.10256410256410256,0.9230769230769231,175.92307692307693,0.10256410256410256
2016-07,40,0.225,0.0,0.225,0.9743589743589743,152.125,0.025
2016-08,60,0.16666666666666666,0.03333333333333333,0.13333333333333333,0.8983050847457628,153.46666666666667,0.016666666666666666
2016-09,42,0.11904761904761904,0.023809523809523808,0.09523809523809523,0.9,168.61904761904762,0.023809523809523808
2016-10,40,0.1,0.025,0.075,0.9230769230769231,168.325,0.025
2016-11,38,0.18421052631578946,0.0,0.18421052631578946,0.918918918918919,114.71052631578948,0.0
2016-12,24,0.125,0.0,0.125,0.9583333333333334,127.125,0.0
2017-01,93,0.053763440860215055,0.0,0.053763440860215055,0.978494623655914,173.96774193548387,0.010752688172043012
2017-02,53,0.16981132075471697,0.0,0.16981132075471697,0.9019607843137255,157.88679245283018,0.0
2017-03,66,0.06060606060606061,0.030303030303030304,0.030303030303030304,0.8636363636363636,152.06060606060606,0.06060606060606061
2017-04,91,0.08791208791208792,0.02197802197802198,0.06593406593406594,0.9555555555555556,237.65934065934067,0.0989010989010989
2017-05,180,0.15555555555555556,0.03888888888888889,0.11666666666666667,0.9661016949152542,203.5888888888889,0.06111111111111111
2017-06,186,0.16666666666666666,0.053763440860215055,0.11290322580645161,0.9783783783783784,182.08064516129033,0.053763440860215055
2017-07,197,0.18274111675126903,0.025380710659898477,0.15736040609137056,0.9847715736040609,211.45685279187816,0.04060913705583756
2017-08,209,0.19617224880382775,0.03827751196172249,0.15789473684210525,0.9665071770334929,259.30143540669854,0.04784688995215311
2017-09,254,0.13385826771653545,0.027559055118110236,0.1062992125984252,0.9881422924901185,160.4015748031496,0.05905511811023622
2017-10,178,0.20786516853932585,0.06741573033707865,0.1404494382022472,0.9772727272727273,180.54494382022472,0.07865168539325842
2017-11,156,0.14102564102564102,0.02564102564102564,0.11538461538461539,0.9358974358974359,201.26923076923077,0.02564102564102564
2017-12,182,0.14285714285714285,0.038461538461538464,0.1043956043956044,0.9725274725274725,162.1043956043956,0.07142857142857142
2018-01,188,0.14361702127659576,0.06382978723404255,0.0797872340425532,0.9786096256684492,158.75,0.047872340425531915
2018-02,220,0.22272727272727272,0.05454545454545454,0.16818181818181818,0.9680365296803652,177.9090909090909,0.02727272727272727
2018-03,218,0.1834862385321101,0.03669724770642202,0.14678899082568808,0.981651376146789,164.38990825688074,0.03211009174311927
2018-04,217,0.17972350230414746,0.03686635944700461,0.14285714285714285,0.985981308411215,171.27649769585253,0.08755760368663594
2018-05,195,0.18461538461538463,0.035897435897435895,0.14871794871794872,0.9896373056994818,200.73333333333332,0.09743589743589744
2018-06,191,0.24083769633507854,0.07853403141361257,0.16230366492146597,0.9842931937172775,203.36125654450262,0.09947643979057591
2018-07,206,0.21359223300970873,0.038834951456310676,0.17475728155339806,0.9757281553398058,177.10679611650485,0.06310679611650485
2018-08,211,0.2037914691943128,0.061611374407582936,0.14218009478672985,0.9620853080568721,208.24170616113744,0.04265402843601896
2018-09,179,0.18435754189944134,0.0446927374301676,0.13966480446927373,0.9608938547486033,179.0223463687151,0.09497206703910614
2018-10,188,0.2127659574468085,0.06382978723404255,0.14893617021276595,0.9679144385026738,170.03191489361703,0.06382978723404255
2018-11,178,0.21348314606741572,0.0449438202247191,0.16853932584269662,0.9661016949152542,166.69101123595505,0.08426966292134831
2018-12,171,0.1695906432748538,0.04093567251461988,0.1286549707602339,0.9883040935672515,161.76023391812865,0.07017543859649122
2019-01,160,0.21875,0.06875,0.15,0.9874213836477987,172.2375,0.05625
2019-02,188,0.1595744680851064,0.026595744680851064,0.13297872340425532,0.9625668449197861,197.0212765957447,0.047872340425531915
2019-03,203,0.18226600985221675,0.029556650246305417,0.15270935960591134,0.9802955665024631,163.5960591133005,0.07881773399014778
2019-04,198,0.1919191919191919,0.03535353535353535,0.15656565656565657,0.9898477157360406,188.6818181818182,0.08585858585858586
2019-05,196,0.2653061224489796,0.07142857142857142,0.19387755102040816,1.0,173.85714285714286,0.09183673469387756
2019-06,209,0.19138755980861244,0.05741626794258373,0.1339712918660287,0.9904306220095693,161.65071770334927,0.05741626794258373
2019-07,213,0.18309859154929578,0.023474178403755867,0.1596244131455399,0.9906103286384976,179.28169014084506,0.07981220657276995
2019-08,254,0.21653543307086615,0.04330708661417323,0.1732283464566929,0.9880478087649402,182.74015748031496,0.07480314960629922
2019-09,214,0.2336448598130841,0.056074766355140186,0.17757009345794392,1.0,214.31308411214954,0.102803738317757
2019-10,215,0.19069767441860466,0.037209302325581395,0.15348837209302327,0.9953488372093023,144.26046511627908,0.13488372093023257
2019-11,213,0.19248826291079812,0.03286384976525822,0.1596244131455399,0.9859154929577465,156.32394366197184,0.17370892018779344
2019-12,211,0.1990521327014218,0.03317535545023697,0.16587677725118483,0.9715639810426541,188.25118483412322,0.2132701421800948
2020-01,242,0.19834710743801653,0.03305785123966942,0.1652892561983471,0.9917355371900827,168.05785123966942,0.0743801652892562
2020-02,206,0.21359223300970873,0.05825242718446602,0.1553398058252427,0.9902439024390244,168.07766990291262,0.1262135922330097
2020-03,260,0.1346153846153846,0.019230769230769232,0.11538461538461539,0.9923076923076923,193.96923076923076,0.08846153846153847
2020-04,300,0.12333333333333334,0.04666666666666667,0.07666666666666666,0.9966666666666667,180.78333333333333,0.12666666666666668
2020-05,342,0.0935672514619883,0.03216374269005848,0.06140350877192982,0.9912023460410557,161.7251461988304,0.14619883040935672
2020-06,328,0.13719512195121952,0.04573170731707317,0.09146341463414634,0.9908256880733946,170.4298780487805,0.08536585365853659
2020-07,352,0.10511363636363637,0.028409090909090908,0.07670454545454546,0.9886363636363636,160.57670454545453,0.07386363636363637
2020-08,309,0.061488673139158574,0.025889967637540454,0.03559870550161812,0.9901960784313726,165.63754045307442,0.10679611650485436
2020-09,294,0.07482993197278912,0.02040816326530612,0.05442176870748299,0.9897610921501706,151.29591836734693,0.06462585034013606
2020-10,316,0.11075949367088607,0.04746835443037975,0.06329113924050633,0.9968152866242038,155.60443037974684,0.11708860759493671
2020-11,274,0.10583941605839416,0.01824817518248175,0.08759124087591241,0.988929889298893,168.13868613138686,0.17518248175182483
2020-12,358,0.09497206703910614,0.0335195530726257,0.061452513966480445,0.994413407821229,165.62290502793297,0.10893854748603352
2021-01,346,0.08092485549132948,0.023121387283236993,0.057803468208092484,0.9971098265895953,169.04624277456648,0.13583815028901733
2021-02,319,0.09404388714733543,0.04075235109717868,0.05329153605015674,0.987460815047022,157.40438871473353,0.10344827586206896
2021-03,360,0.1,0.027777777777777776,0.07222222222222222,0.9888268156424581,202.3361111111111,0.4305555555555556
2021-04,321,0.12149532710280374,0.03115264797507788,0.09034267912772585,0.987460815047022,150.61370716510905,0.06542056074766354
2021-05,328,0.07621951219512195,0.021341463414634148,0.054878048780487805,0.9815950920245399,148.2591463414634,0.20121951219512196
2021-06,355,0.11267605633802817,0.016901408450704224,0.09577464788732394,0.9858356940509915,159.21971830985916,0.21690140845070421
2021-07,397,0.11083123425692695,0.027707808564231738,0.08312342569269521,0.9848101265822785,187.0302267002519,0.23929471032745592
2021-08,329,0.10638297872340426,0.03951367781155015,0.0668693009118541,0.9908814589665653,176.38297872340425,0.2765957446808511
2021-09,341,0.12023460410557185,0.03519061583577713,0.08504398826979472,0.9912023460410557,167.32551319648093,0.2903225806451613
2021-10,342,0.10818713450292397,0.02631578947368421,0.08187134502923976,0.9882352941176471,146.8187134502924,0.21637426900584794
2021-11,372,0.1586021505376344,0.043010752688172046,0.11559139784946236,0.9919137466307277,186.1747311827957,0.4596774193548387
2021-12,360,0.3111111111111111,0.027777777777777776,0.2833333333333333,0.9916201117318436,214.05833333333334,0.4
2022-01,403,0.2803970223325062,0.02481389578163772,0.2555831265508685,0.9875311720698254,180.73449131513647,0.19602977667493796
2022-02,446,0.3183856502242152,0.02914798206278027,0.289237668161435,0.9932432432432432,165.16816143497758,0.34080717488789236
2022-03,568,0.3221830985915493,0.01584507042253521,0.30633802816901406,0.9858657243816255,143.7799295774648,0.5035211267605634
2022-04,638,0.3338557993730408,0.02037617554858934,0.31347962382445144,0.9921135646687698,139.3793103448276,1.1567398119122256
2022-05,560,0.3375,0.023214285714285715,0.3142857142857143,0.992818671454219,140.80892857142857,1.375
2022-06,563,0.3392539964476021,0.023090586145648313,0.31616341030195383,0.9928825622775801,152.01243339253998,1.6873889875666075
2022-07,623,0.4012841091492777,0.009630818619582664,0.391653290529695,0.9951534733441034,170.6548956661316,1.276083467094703
2022-08,708,0.365819209039548,0.02401129943502825,0.3418079096045198,0.9957567185289957,157.9449152542373,0.8050847457627118
2022-09,648,0.3487654320987654,0.023148148148148147,0.3256172839506173,0.9907120743034056,158.64043209876544,0.8549382716049383
2022-10,718,0.3467966573816156,0.02924791086350975,0.31754874651810583,0.9958217270194986,158.25626740947075,0.9275766016713092
2022-11,745,0.33557046979865773,0.028187919463087248,0.3073825503355705,0.9892183288409704,176.7758389261745,1.2053691275167786
2022-12,696,0.33620689655172414,0.02586206896551724,0.3103448275862069,0.9884393063583815,171.35488505747125,1.1192528735632183
2023-01,855,0.32046783625730996,0.028070175438596492,0.29239766081871343,0.9988221436984688,188.22690058479532,1.0842105263157895
2023-02,778,0.36246786632390743,0.028277634961439587,0.3341902313624679,0.9935567010309279,203.41131105398458,1.287917737789203
2023-03,894,0.3333333333333333,0.016778523489932886,0.31655480984340045,0.9977578475336323,184.47091722595079,1.3109619686800895
2023-04,778,0.3380462724935733,0.012853470437017995,0.32519280205655526,0.9948586118251928,165.88817480719794,0.9485861182519281
2023-05,938,0.39232409381663114,0.010660980810234541,0.3816631130063966,0.9967982924226254,168.22388059701493,0.8688699360341151
2023-06,945,0.4201058201058201,0.020105820105820106,0.4,0.9978791092258749,165.60846560846562,1.1544973544973545
2023-07,887,0.4487034949267193,0.030439684329199548,0.4182638105975197,0.9932279909706546,153.30439684329198,0.8083427282976324
2023-08,1006,0.3956262425447316,0.012922465208747515,0.3827037773359841,0.9980119284294234,174.48508946322067,1.0099403578528827
2023-09,431,0.5522041763341067,0.030162412993039442,0.5220417633410673,1.0,167.40835266821347,0.8283062645011601
2023-10,93,0.40860215053763443,0.07526881720430108,0.3333333333333333,1.0,179.9784946236559,0.45161290322580644
2023-11,2,0.0,0.0,0.0,,163.5,0.0
2023-12,2,1.0,0.0,1.0,,264.0,2.5
2024-01,3,0.0,0.0,0.0,,1503.6666666666667,4.333333333333333
2024-02,3,0.3333333333333333,0.0,0.3333333333333333,,219.66666666666666,2.6666666666666665
2024-03,2,1.0,0.0,1.0,,202.5,3.5
2024-04,4,0.5,0.0,0.5,,126.75,0.25
2024-05,7,0.42857142857142855,0.0,0.42857142857142855,,88.42857142857143,0.2857142857142857
2024-06,5,0.2,0.0,0.2,,91.6,1.4
2024-07,4,0.25,0.0,0.25,,150.75,0.5
2024-08,2,0.5,0.0,0.5,,36.0,0.0
2024-09,6,0.16666666666666666,0.0,0.16666666666666666,,209.33333333333334,0.0
2024-10,8,0.625,0.0,0.625,,192.375,1.375
2024-11,7,0.42857142857142855,0.0,0.42857142857142855,,56.57142857142857,0.5714285714285714
2024-12,4,0.25,0.0,0.25,,318.75,0.0
2025-01,9,0.1111111111111111,0.0,0.1111111111111111,,144.11111111111111,0.3333333333333333
2025-02,10,0.3,0.0,0.3,,252.9,0.4
2025-03,16,0.3125,0.0,0.3125,,94.8125,0.5625
2025-04,6,0.6666666666666666,0.0,0.6666666666666666,,219.66666666666666,0.8333333333333334
2025-05,10,0.1,0.1,0.0,,204.6,0.5
2025-06,5,0.6,0.0,0.6,,91.6,0.0
2025-07,8,0.5,0.0,0.5,,238.125,0.375
2025-08,5,0.6,0.0,0.6,,74.0,1.4
2025-09,5,0.0,0.0,0.0,,75.2,0.6
2025-10,7,0.42857142857142855,0.0,0.42857142857142855,,129.85714285714286,0.14285714285714285
2025-11,3,0.0,0.0,0.0,,83.0,0.6666666666666666
2025-12,3,0.6666666666666666,0.0,0.6666666666666666,,227.66666666666666,1.0
2026-02,1,1.0,0.0,1.0,,86.0,0.0
